date,total_kl,temp_mean,temp_max,rainfall_mm,is_weekend,is_holiday,occupancy_mean,day_of_week,month,prev_day_kl,rolling7_kl
2024-01-01,454.903,22.067708333333332,26.6,17.0,0,1,0.0,0,1,532.7022421340629,532.7022421340629
2024-01-02,454.252,22.023958333333336,25.8,6.5,0,1,0.0,1,1,454.903,454.903
2024-01-03,449.642,22.233333333333334,25.4,16.0,0,1,0.0,2,1,454.252,454.5775
2024-01-04,451.93,21.895833333333332,25.2,26.3,0,1,0.0,3,1,449.642,452.93233333333336
2024-01-05,446.995,21.96666666666667,26.0,10.3,0,1,0.0,4,1,451.93,452.68175
2024-01-06,392.484,22.126041666666666,26.1,25.9,1,1,0.0,5,1,446.995,451.54440000000005
2024-01-07,390.036,22.097916666666666,25.9,7.0,1,1,0.0,6,1,392.484,441.701
2024-01-08,549.158,21.880208333333332,25.2,34.0,0,0,0.7040625,0,1,390.036,434.3202857142857
2024-01-09,558.259,22.150000000000002,26.7,17.5,0,0,0.7047916666666666,1,1,549.158,447.7852857142857
2024-01-10,557.591,22.009375000000002,26.1,1.8,0,0,0.6920833333333333,2,1,558.259,462.64342857142856
2024-01-11,554.816,22.16875,24.9,18.6,0,0,0.69375,3,1,557.591,478.0647142857143
2024-01-12,558.237,22.161458333333332,25.0,38.0,0,0,0.6940624999999999,4,1,554.816,492.76271428571437
2024-01-13,387.489,21.932291666666668,26.2,30.6,1,0,0.0,5,1,558.237,508.6544285714286
2024-01-14,387.47,22.126041666666666,26.0,16.200000000000003,1,0,0.0,6,1,387.489,507.9408571428571
2024-01-15,557.315,22.128125,25.1,7.1,0,0,0.6986458333333333,0,1,387.47,507.57428571428574
2024-01-16,560.042,21.967708333333334,26.1,0.0,0,0,0.6985416666666667,1,1,557.315,508.7395714285714
2024-01-17,562.243,21.742708333333336,25.0,19.1,0,0,0.6941666666666667,2,1,560.042,508.9942857142857
2024-01-18,557.511,21.70104166666667,24.7,68.1,0,0,0.7038541666666666,3,1,562.243,509.65885714285713
2024-01-19,556.103,21.815625,27.1,5.7,0,0,0.7059375,4,1,557.511,510.0438571428571
2024-01-20,389.026,22.10729166666667,25.7,6.199999999999999,1,0,0.0,5,1,556.103,509.739
2024-01-21,389.066,22.025000000000002,25.3,5.5,1,0,0.0,6,1,389.026,509.9585714285715
2024-01-22,561.225,22.105208333333334,25.0,38.4,0,0,0.7005208333333334,0,1,389.066,510.1865714285714
2024-01-23,562.671,22.053124999999998,25.4,7.3,0,0,0.6976041666666667,1,1,561.225,510.74514285714287
2024-01-24,561.703,22.344791666666666,27.2,13.0,0,0,0.703125,2,1,562.671,511.1207142857143
2024-01-25,560.906,21.678124999999998,24.9,3.3,0,0,0.6955208333333333,3,1,561.703,511.0435714285714
2024-01-26,560.405,22.1375,26.1,1.3,0,0,0.7019791666666667,4,1,560.906,511.5285714285714
2024-01-27,388.864,21.95104166666667,25.1,35.0,1,0,0.0,5,1,560.405,512.1431428571428
2024-01-28,387.407,21.902083333333334,26.6,20.5,1,0,0.0,6,1,388.864,512.12
2024-01-29,553.463,21.928124999999998,26.7,53.3,0,0,0.7098958333333334,0,1,387.407,511.883
2024-01-30,555.274,22.011458333333334,26.7,0.0,0,0,0.7042708333333333,1,1,553.463,510.77414285714286
2024-01-31,560.624,21.972916666666666,25.1,7.9,0,0,0.6971875000000001,2,1,555.274,509.71742857142857
2024-02-01,564.449,22.911458333333332,26.4,38.2,0,0,0.7025,3,2,560.624,509.56328571428566
2024-02-02,556.249,22.454166666666666,26.0,12.8,0,0,0.694375,4,2,564.449,510.06942857142855
2024-02-03,395.151,22.945833333333336,26.3,19.599999999999998,1,0,0.0,5,2,556.249,509.4757142857143
2024-02-04,390.572,22.754166666666666,26.2,41.8,1,0,0.0,6,2,395.151,510.37385714285716
2024-02-05,551.069,22.592708333333334,26.7,13.7,0,0,0.7023958333333334,0,2,390.572,510.82599999999996
2024-02-06,560.818,22.797916666666666,26.1,17.0,0,0,0.6905208333333334,1,2,551.069,510.484
2024-02-07,558.071,22.733333333333334,25.9,3.2,0,0,0.7014583333333334,2,2,560.818,511.27599999999995
2024-02-08,550.408,22.539583333333336,25.7,23.300000000000004,0,0,0.6997916666666667,3,2,558.071,510.9112857142857
2024-02-09,557.732,22.46666666666667,26.1,18.3,0,0,0.7016666666666667,4,2,550.408,508.90542857142856
2024-02-10,396.293,22.914583333333336,26.6,25.5,1,0,0.0,5,2,557.732,509.1172857142857
2024-02-11,397.062,22.521874999999998,25.5,16.4,1,0,0.0,6,2,396.293,509.28042857142856
2024-02-12,555.535,22.771874999999998,26.2,9.1,0,0,0.694375,0,2,397.062,510.2075714285715
2024-02-13,566.932,22.81458333333333,27.2,12.1,0,0,0.6967708333333333,1,2,555.535,510.8455714285714
2024-02-14,559.657,22.848958333333332,28.3,24.6,0,0,0.6971875,2,2,566.932,511.719
2024-02-15,555.194,22.881249999999998,26.4,23.5,0,0,0.7042708333333333,3,2,559.657,511.94557142857144
2024-02-16,558.269,23.030208333333334,26.7,25.2,0,0,0.6893750000000001,4,2,555.194,512.6292857142857
2024-02-17,386.627,22.838541666666668,26.7,24.0,1,0,0.0,5,2,558.269,512.706
2024-02-18,385.357,22.70625,26.8,51.5,1,0,0.0,6,2,386.627,511.3251428571429
2024-02-19,557.256,22.773958333333336,26.6,53.3,0,0,0.7022916666666666,0,2,385.357,509.65299999999996
2024-02-20,557.77,22.652083333333334,27.3,16.8,0,0,0.7019791666666667,1,2,557.256,509.89885714285714
2024-02-21,565.141,22.719791666666666,26.3,35.099999999999994,0,0,0.7003125,2,2,557.77,508.59000000000003
2024-02-22,562.059,22.650000000000002,26.2,7.8999999999999995,0,0,0.711875,3,2,565.141,509.3734285714286
2024-02-23,558.125,22.82604166666667,26.6,22.2,0,0,0.7007291666666666,4,2,562.059,510.35414285714285
2024-02-24,389.257,22.51875,25.6,17.0,1,0,0.0,5,2,558.125,510.3335714285714
2024-02-25,390.859,22.677083333333332,26.1,0.9,1,0,0.0,6,2,389.257,510.70928571428567
2024-02-26,563.942,22.818749999999998,27.0,9.200000000000001,0,0,0.7026041666666667,0,2,390.859,511.49528571428567
2024-02-27,560.375,22.823958333333334,25.9,5.6000000000000005,0,0,0.6996875,1,2,563.942,512.4504285714286
2024-02-28,560.164,22.882291666666664,26.3,17.6,0,0,0.7014583333333334,2,2,560.375,512.8225714285715
2024-02-29,551.936,22.59583333333333,25.9,57.1,0,0,0.7020833333333334,3,2,560.164,512.1115714285714
2024-03-01,604.191,24.967708333333334,28.6,6.9,0,0,0.6974999999999999,4,3,551.936,510.6654285714286
2024-03-02,434.423,24.99791666666667,28.4,8.7,1,0,0.0,5,3,604.191,517.2462857142857
2024-03-03,439.052,25.0625,28.4,34.2,1,0,0.0,6,3,434.423,523.6985714285714
2024-03-04,604.916,24.91979166666667,29.2,36.0,0,0,0.699375,0,3,439.052,530.5832857142857
2024-03-05,601.837,25.243750000000002,28.4,11.2,0,0,0.6988541666666667,1,3,604.916,536.4367142857143
2024-03-06,605.525,25.28333333333333,30.3,9.0,0,0,0.7000000000000001,2,3,601.837,542.3598571428572
2024-03-07,603.651,25.256249999999998,28.5,18.3,0,0,0.7019791666666667,3,3,605.525,548.84
2024-03-08,606.445,25.197916666666668,29.4,0.2,0,0,0.6992708333333333,4,3,603.651,556.2278571428571
2024-03-09,439.016,25.34166666666667,28.8,4.1,1,0,0.0,5,3,606.445,556.5498571428571
2024-03-10,438.109,24.964583333333334,28.6,9.2,1,0,0.0,6,3,439.016,557.206
2024-03-11,599.071,25.098958333333332,29.3,29.1,0,0,0.7022916666666666,0,3,438.109,557.0712857142858
2024-03-12,604.847,25.166666666666668,29.5,30.2,0,0,0.7007291666666666,1,3,599.071,556.2362857142857
2024-03-13,611.811,24.713541666666668,28.4,19.2,0,0,0.7038541666666666,2,3,604.847,556.6662857142857
2024-03-14,595.035,24.952083333333334,28.8,22.599999999999998,0,0,0.6959375,3,3,611.811,557.5642857142857
2024-03-15,603.391,25.061458333333334,28.9,25.4,0,0,0.6847916666666666,4,3,595.035,556.3334285714285
2024-03-16,423.512,24.89375,29.0,12.700000000000001,1,0,0.0,5,3,603.391,555.8971428571429
2024-03-17,433.115,25.165625000000002,28.1,0.0,1,0,0.0,6,3,423.512,553.6822857142857
2024-03-18,608.263,24.965625,27.9,17.6,0,0,0.7105208333333333,0,3,433.115,552.9688571428571
2024-03-19,600.021,25.030208333333334,28.3,36.2,0,0,0.69375,1,3,608.263,554.282
2024-03-20,609.615,24.954166666666666,28.5,0.0,0,0,0.7047916666666666,2,3,600.021,553.5925714285714
2024-03-21,598.466,25.243750000000002,29.1,16.7,0,0,0.7014583333333334,3,3,609.615,553.2788571428572
2024-03-22,614.172,24.983333333333334,28.0,31.8,0,0,0.6940624999999999,4,3,598.466,553.769
2024-03-23,432.415,25.146874999999998,29.6,0.0,1,0,0.0,5,3,614.172,555.3091428571429
2024-03-24,435.339,25.045833333333334,28.6,11.9,1,0,0.0,6,3,432.415,556.581
2024-03-25,610.429,25.282291666666666,29.2,21.0,0,0,0.7060416666666667,0,3,435.339,556.8987142857143
2024-03-26,613.02,24.865624999999998,29.6,0.0,0,0,0.7053124999999999,1,3,610.429,557.2081428571429
2024-03-27,594.924,25.204166666666666,28.4,18.9,0,0,0.69875,2,3,613.02,559.0651428571429
2024-03-28,603.323,24.865624999999998,28.6,8.1,0,0,0.6989583333333332,3,3,594.924,556.9664285714287
2024-03-29,600.889,24.844791666666666,28.9,14.0,0,0,0.6986458333333334,4,3,603.323,557.6602857142857
2024-03-30,429.204,25.010416666666668,29.1,27.1,1,0,0.0,5,3,600.889,555.7627142857143
2024-03-31,430.953,25.026041666666668,28.8,0.0,1,0,0.0,6,3,429.204,555.304
2024-04-01,613.01,28.010416666666668,31.9,43.5,0,0,0.6934375,0,4,430.953,554.6774285714285
2024-04-02,607.378,28.108333333333334,32.2,34.2,0,0,0.7043750000000001,1,4,613.01,555.0461428571429
2024-04-03,622.271,28.313541666666666,32.0,41.2,0,0,0.705625,2,4,607.378,554.2401428571428
2024-04-04,615.677,28.133333333333336,31.3,7.5,0,0,0.7016666666666667,3,4,622.271,558.1468571428571
2024-04-05,609.74,27.848958333333332,31.9,18.299999999999997,0,0,0.7045833333333333,4,4,615.677,559.9117142857143
2024-04-06,443.264,28.364583333333332,32.6,0.0,1,0,0.0,5,4,609.74,561.1761428571428
2024-04-07,435.338,28.014583333333334,31.3,42.1,1,0,0.0,6,4,443.264,563.1847142857143
2024-04-08,615.509,27.936458333333334,30.9,0.4,0,0,0.7016666666666667,0,4,435.338,563.811142857143
2024-04-09,617.799,28.057291666666668,31.4,20.099999999999998,0,0,0.6983333333333334,1,4,615.509,564.1681428571429
2024-04-10,503.466,28.10625,32.4,0.0,0,1,0.0,2,4,617.799,565.6568571428571
2024-04-11,502.07099999999997,27.910416666666666,31.4,5.4,0,1,0.0,3,4,503.466,548.6847142857143
2024-04-12,498.436,27.942708333333332,32.1,29.9,0,1,0.0,4,4,502.07099999999997,532.4552857142857
2024-04-13,439.662,28.303124999999998,31.7,30.4,1,1,0.0,5,4,498.436,516.5547142857143
2024-04-14,443.653,28.119791666666668,31.5,11.4,1,1,0.0,6,4,439.662,516.0401428571429
2024-04-15,499.318,28.162499999999998,32.8,12.7,0,1,0.0,0,4,443.653,517.228
2024-04-16,500.28499999999997,28.037499999999998,32.1,7.5,0,1,0.0,1,4,499.318,500.6292857142857
2024-04-17,502.686,27.959374999999998,32.4,13.0,0,1,0.0,2,4,500.28499999999997,483.84157142857146
2024-04-18,491.418,27.985416666666666,31.6,30.400000000000002,0,1,0.0,3,4,502.686,483.7301428571428
2024-04-19,500.803,28.087500000000002,31.6,12.5,0,1,0.0,4,4,491.418,482.20828571428575
2024-04-20,439.658,27.922916666666666,31.2,15.1,1,1,0.0,5,4,500.803,482.5464285714285
2024-04-21,434.357,27.971875,31.5,29.2,1,1,0.0,6,4,439.658,482.54585714285713
2024-04-22,494.801,27.75208333333333,33.2,18.200000000000003,0,1,0.0,0,4,434.357,481.21785714285716
2024-04-23,503.919,28.130208333333332,31.7,13.6,0,1,0.0,1,4,494.801,480.57257142857145
2024-04-24,501.11,27.925,33.6,27.8,0,1,0.0,2,4,503.919,481.09171428571426
2024-04-25,503.915,28.03333333333333,31.7,0.0,0,1,0.0,3,4,501.11,480.8665714285715
2024-04-26,499.50600000000003,27.917708333333334,31.0,48.3,0,1,0.0,4,4,503.915,482.6518571428572
2024-04-27,436.293,27.787499999999998,31.1,14.8,1,1,0.0,5,4,499.50600000000003,482.46657142857146
2024-04-28,435.649,28.23645833333333,31.1,3.9,1,1,0.0,6,4,436.293,481.9858571428572
2024-04-29,504.984,28.026041666666668,33.1,31.099999999999998,0,1,0.0,0,4,435.649,482.17042857142854
2024-04-30,509.289,28.35625,32.2,34.800000000000004,0,1,0.0,1,4,504.984,483.6251428571428
2024-05-01,505.4,30.880208333333332,34.7,32.3,0,1,0.0,2,5,509.289,484.3922857142857
2024-05-02,506.367,30.932291666666668,34.7,6.6,0,1,0.0,3,5,505.4,485.00514285714286
2024-05-03,505.002,30.91979166666667,34.7,41.6,0,1,0.0,4,5,506.367,485.35542857142855
2024-05-04,442.836,30.844791666666666,35.0,54.7,1,1,0.0,5,5,505.002,486.14057142857143
2024-05-05,446.279,30.81458333333333,33.5,5.5,1,1,0.0,6,5,442.836,487.0752857142857
2024-05-06,511.41700000000003,31.087500000000002,33.7,8.6,0,1,0.0,0,5,446.279,488.5938571428572
2024-05-07,499.317,30.91875,34.4,0.0,0,1,0.0,1,5,511.41700000000003,489.5128571428572
2024-05-08,505.947,30.985416666666666,34.0,46.4,0,1,0.0,2,5,499.317,488.0882857142857
2024-05-09,508.208,30.946875000000002,34.0,8.2,0,1,0.0,3,5,505.947,488.1664285714286
2024-05-10,507.099,30.84583333333333,34.4,3.8,0,1,0.0,4,5,508.208,488.4294285714286
2024-05-11,448.843,30.916666666666668,34.6,42.4,1,1,0.0,5,5,507.099,488.729
2024-05-12,444.866,31.133333333333336,35.2,40.0,1,1,0.0,6,5,448.843,489.58714285714285
2024-05-13,497.187,30.954166666666666,34.2,55.3,0,1,0.0,0,5,444.866,489.3852857142857
2024-05-14,514.797,31.162499999999998,35.0,47.9,0,1,0.0,1,5,497.187,487.35242857142856
2024-05-15,497.128,31.010416666666668,35.6,63.800000000000004,0,1,0.0,2,5,514.797,489.56385714285716
2024-05-16,507.152,31.109375,33.8,7.800000000000001,0,1,0.0,3,5,497.128,488.30400000000003
2024-05-17,505.764,30.89375,34.5,56.4,0,1,0.0,4,5,507.152,488.1531428571429
2024-05-18,445.61,31.193749999999998,35.0,9.1,1,1,0.0,5,5,505.764,487.9624285714286
2024-05-19,447.382,31.071875000000002,34.6,31.4,1,1,0.0,6,5,445.61,487.5005714285714
2024-05-20,512.743,30.963541666666668,34.8,13.1,0,1,0.0,0,5,447.382,487.86
2024-05-21,507.31600000000003,30.882291666666664,33.9,0.5,0,1,0.0,1,5,512.743,490.0822857142857
2024-05-22,505.787,31.055208333333336,35.2,4.7,0,1,0.0,2,5,507.31600000000003,489.0135714285715
2024-05-23,507.769,31.0625,35.4,4.5,0,1,0.0,3,5,505.787,490.2505714285714
2024-05-24,511.645,31.086458333333336,35.9,16.8,0,1,0.0,4,5,507.769,490.3387142857142
2024-05-25,445.69,30.927083333333332,33.9,20.6,1,1,0.0,5,5,511.645,491.1788571428571
2024-05-26,446.293,31.321875000000002,35.3,34.9,1,1,0.0,6,5,445.69,491.1902857142857
2024-05-27,516.488,30.825,34.9,22.799999999999997,0,1,0.0,0,5,446.293,491.0347142857143
2024-05-28,508.996,31.027083333333334,34.5,9.2,0,1,0.0,1,5,516.488,491.5697142857143
2024-05-29,511.431,31.098958333333332,35.1,27.1,0,1,0.0,2,5,508.996,491.8097142857143
2024-05-30,508.655,30.86145833333333,34.9,31.4,0,1,0.0,3,5,511.431,492.616
2024-05-31,511.723,31.010416666666668,34.6,22.9,0,1,0.0,4,5,508.655,492.74257142857147
2024-06-01,447.914,33.020833333333336,37.8,49.5,1,0,0.0,5,6,511.723,492.75371428571435
2024-06-02,442.831,33.27395833333333,36.9,113.2,1,0,0.0,6,6,447.914,493.07142857142856
2024-06-03,621.752,33.25625,36.7,157.4,0,0,0.7123958333333333,0,6,442.831,492.57685714285714
2024-06-04,621.294,33.04479166666667,37.9,161.6,0,0,0.7055208333333334,1,6,621.752,507.6145714285714
2024-06-05,614.896,33.14270833333333,37.5,163.9,0,0,0.6909375,2,6,621.294,523.6571428571428
2024-06-06,618.32,33.458333333333336,37.3,148.2,0,0,0.691875,3,6,614.896,538.4378571428572
2024-06-07,622.588,33.13645833333333,37.7,152.4,0,0,0.6954166666666667,4,6,618.32,554.1042857142857
2024-06-08,450.662,33.327083333333334,37.8,38.8,1,0,0.0,5,6,622.588,569.9421428571428
2024-06-09,450.428,33.171875,37.8,56.6,1,0,0.0,6,6,450.662,570.3347142857143
2024-06-10,626.666,32.99166666666667,36.5,56.8,0,0,0.7034375,0,6,450.428,571.42
2024-06-11,621.378,33.31979166666667,37.0,74.2,0,0,0.7003125,1,6,626.666,572.1220000000001
2024-06-12,623.943,32.885416666666664,36.3,146.9,0,0,0.7077083333333333,2,6,621.378,572.134
2024-06-13,626.468,33.092708333333334,36.7,123.3,0,0,0.6896874999999999,3,6,623.943,573.4264285714286
2024-06-14,617.803,33.321875,36.6,123.10000000000001,0,0,0.7030208333333333,4,6,626.468,574.5904285714286
2024-06-15,442.558,33.275,36.4,213.5,1,0,0.0,5,6,617.803,573.9068571428571
2024-06-16,446.162,33.197916666666664,36.4,106.0,1,0,0.0,6,6,442.558,572.7491428571428
2024-06-17,626.628,33.06875,38.6,106.8,0,0,0.6936458333333334,0,6,446.162,572.1397142857143
2024-06-18,627.563,33.389583333333334,37.6,161.2,0,0,0.7085416666666666,1,6,626.628,572.1342857142856
2024-06-19,618.744,33.125,36.8,164.1,0,0,0.7028125,2,6,627.563,573.0178571428571
2024-06-20,621.953,32.96875,36.6,157.9,0,0,0.7133333333333334,3,6,618.744,572.2751428571429
2024-06-21,622.974,33.33020833333333,38.0,156.7,0,0,0.6930208333333333,4,6,621.953,571.6301428571429
2024-06-22,449.039,33.140625,36.4,129.5,1,0,0.0,5,6,622.974,572.3688571428572
2024-06-23,440.903,33.20729166666667,36.5,153.79999999999998,1,0,0.0,6,6,449.039,573.2947142857143
2024-06-24,632.754,33.128125000000004,36.0,122.6,0,0,0.6877083333333333,0,6,440.903,572.5434285714285
2024-06-25,616.235,33.28333333333333,36.5,128.4,0,0,0.6973958333333333,1,6,632.754,573.4185714285715
2024-06-26,630.493,33.07083333333333,36.9,107.8,0,0,0.6955208333333333,2,6,616.235,571.8002857142858
2024-06-27,629.182,33.28333333333333,37.8,129.2,0,0,0.7019791666666667,3,6,630.493,573.4787142857143
2024-06-28,620.289,33.12083333333333,36.8,215.1,0,0,0.6951041666666667,4,6,629.182,574.5114285714286
2024-06-29,450.741,33.190625,37.0,112.7,1,0,0.0,5,6,620.289,574.1278571428571
2024-06-30,452.764,33.153124999999996,36.9,94.5,1,0,0.0,6,6,450.741,574.371
2024-07-01,627.683,34.39479166666667,38.4,89.1,0,0,0.7009375000000001,0,7,452.764,576.0654285714286
2024-07-02,634.732,33.784375000000004,39.9,71.0,0,0,0.7008333333333333,1,7,627.683,575.341
2024-07-03,631.698,34.053125,38.4,77.1,0,0,0.6997916666666667,2,7,634.732,577.9834285714286
2024-07-04,631.666,34.028124999999996,37.7,123.39999999999999,0,0,0.7033333333333333,3,7,631.698,578.1555714285714
2024-07-05,628.967,34.206250000000004,38.7,63.5,0,0,0.7086458333333333,4,7,631.666,578.5104285714286
2024-07-06,454.802,34.05520833333333,36.7,126.10000000000001,1,0,0.0,5,7,628.967,579.7501428571429
2024-07-07,449.16,34.206250000000004,37.3,140.8,1,0,0.0,6,7,454.802,580.3302857142857
2024-07-08,620.915,34.24583333333333,37.8,118.3,0,0,0.6964583333333333,0,7,449.16,579.8154285714286
2024-07-09,633.233,34.01979166666667,38.1,134.6,0,0,0.689375,1,7,620.915,578.8485714285714
2024-07-10,625.874,34.05416666666667,39.1,44.4,0,0,0.699375,2,7,633.233,578.6344285714285
2024-07-11,629.408,33.64270833333333,38.7,133.2,0,0,0.695,3,7,625.874,577.8024285714285
2024-07-12,624.776,33.83229166666667,37.0,131.4,0,0,0.6989583333333332,4,7,629.408,577.4798571428571
2024-07-13,447.604,34.20520833333333,37.5,83.39999999999999,1,0,0.0,5,7,624.776,576.8811428571428
2024-07-14,451.075,34.098958333333336,37.8,94.4,1,0,0.0,6,7,447.604,575.8528571428571
2024-07-15,626.65,33.98229166666667,37.6,78.5,0,0,0.6926041666666666,0,7,451.075,576.1264285714285
2024-07-16,625.768,34.186458333333334,39.8,117.0,0,0,0.6926041666666666,1,7,626.65,576.9457142857143
2024-07-17,621.644,34.04479166666667,37.5,133.8,0,0,0.7023958333333334,2,7,625.768,575.8792857142856
2024-07-18,632.991,33.829166666666666,36.3,39.5,0,0,0.7052083333333333,3,7,621.644,575.275
2024-07-19,628.356,34.208333333333336,37.6,74.5,0,0,0.6997916666666667,4,7,632.991,575.7868571428571
2024-07-20,446.925,34.108333333333334,37.8,59.8,1,0,0.0,5,7,628.356,576.2982857142857
2024-07-21,441.041,33.884375,37.4,134.2,1,0,0.0,6,7,446.925,576.2012857142857
2024-07-22,618.38,34.06041666666667,37.6,145.8,0,0,0.6988541666666667,0,7,441.041,574.7678571428571
2024-07-23,632.793,33.91041666666667,37.7,95.2,0,0,0.7033333333333333,1,7,618.38,573.5864285714287
2024-07-24,626.822,34.0625,37.7,165.7,0,0,0.7044791666666667,2,7,632.793,574.59
2024-07-25,628.302,34.098958333333336,37.3,64.0,0,0,0.7047916666666666,3,7,626.822,575.3297142857143
2024-07-26,629.092,33.8125,37.5,75.5,0,0,0.6992708333333333,4,7,628.302,574.6598571428572
2024-07-27,458.889,34.08020833333333,37.7,108.7,1,0,0.0,5,7,629.092,574.765
2024-07-28,454.08799999999997,34.003125000000004,37.5,107.5,1,0,0.0,6,7,458.889,576.4741428571429
2024-07-29,625.158,33.989583333333336,37.0,65.1,0,0,0.696875,0,7,454.08799999999997,578.338
2024-07-30,631.018,33.8125,36.8,77.6,0,0,0.6978125,1,7,625.158,579.3062857142857
2024-07-31,626.521,33.947916666666664,39.1,166.4,0,0,0.7044791666666667,2,7,631.018,579.0527142857143
2024-08-01,621.618,33.38645833333333,37.2,119.2,0,0,0.6994791666666668,3,8,626.521,579.0097142857143
2024-08-02,629.818,33.46875,37.9,123.2,0,0,0.6942708333333334,4,8,621.618,578.0548571428571
2024-08-03,445.887,32.909375000000004,36.1,104.9,1,0,0.0,5,8,629.818,578.1585714285715
2024-08-04,445.58,33.192708333333336,37.6,52.4,1,0,0.0,6,8,445.887,576.3011428571428
2024-08-05,622.6899999999999,32.853125,36.4,103.2,0,0,0.698125,0,8,445.58,575.0857142857143
2024-08-06,630.888,33.28333333333333,37.4,105.8,0,0,0.7092708333333334,1,8,622.6899999999999,574.7331428571429
2024-08-07,624.165,32.92916666666667,36.5,90.5,0,0,0.700625,2,8,630.888,574.7145714285714
2024-08-08,615.937,33.07395833333333,36.3,154.1,0,0,0.7013541666666666,3,8,624.165,574.3779999999999
2024-08-09,623.283,33.21875,36.9,102.60000000000001,0,0,0.69625,4,8,615.937,573.5664285714286
2024-08-10,446.801,33.356249999999996,36.6,81.3,1,0,0.0,5,8,623.283,572.6328571428572
2024-08-11,442.749,33.248958333333334,36.5,143.3,1,0,0.0,6,8,446.801,572.7634285714286
2024-08-12,622.756,33.109375,36.9,160.9,0,0,0.6996875,0,8,442.749,572.359
2024-08-13,624.709,32.96041666666667,36.7,85.30000000000001,0,0,0.6957291666666667,1,8,622.756,572.3684285714286
2024-08-14,626.226,33.17916666666667,37.4,125.8,0,0,0.694375,2,8,624.709,571.4857142857143
2024-08-15,623.634,33.458333333333336,36.9,130.2,0,0,0.6983333333333334,3,8,626.226,571.7801428571429
2024-08-16,627.695,33.26979166666667,35.9,93.3,0,0,0.6923958333333333,4,8,623.634,572.8797142857144
2024-08-17,441.051,33.161458333333336,37.3,105.5,1,0,0.0,5,8,627.695,573.51
2024-08-18,450.353,33.239583333333336,36.7,119.0,1,0,0.0,6,8,441.051,572.6885714285714
2024-08-19,625.517,33.13333333333333,37.2,45.5,0,0,0.7096874999999999,0,8,450.353,573.7748571428572
2024-08-20,622.286,32.82395833333333,36.5,257.6,0,0,0.7003125,1,8,625.517,574.1692857142857
2024-08-21,627.415,33.18958333333333,36.9,85.4,0,0,0.6998958333333333,2,8,622.286,573.8231428571428
2024-08-22,634.507,33.415625,36.6,37.4,0,0,0.7080208333333333,3,8,627.415,573.993
2024-08-23,631.023,33.35729166666667,36.7,93.5,0,0,0.6953125,4,8,634.507,575.5462857142858
2024-08-24,444.028,33.11354166666667,37.0,58.099999999999994,1,0,0.0,5,8,631.023,576.0217142857143
2024-08-25,435.478,33.072916666666664,36.3,165.70000000000002,1,0,0.0,6,8,444.028,576.447
2024-08-26,630.182,33.34166666666667,36.6,56.6,0,0,0.7022916666666666,0,8,435.478,574.322
2024-08-27,622.928,33.215624999999996,36.5,84.9,0,0,0.7030208333333333,1,8,630.182,574.9884285714286
2024-08-28,612.91,32.969791666666666,36.0,127.6,0,0,0.7005208333333334,2,8,622.928,575.0801428571428
2024-08-29,622.158,33.1875,36.5,117.4,0,0,0.6994791666666668,3,8,612.91,573.0079999999999
2024-08-30,615.323,33.28958333333333,38.6,219.7,0,0,0.7064583333333333,4,8,622.158,571.2438571428572
2024-08-31,441.684,33.409375000000004,37.9,62.5,1,0,0.0,5,8,615.323,569.001
2024-09-01,442.894,31.119791666666668,34.3,157.7,1,0,0.0,6,9,441.684,568.666142857143
2024-09-02,619.608,30.952083333333334,34.3,90.3,0,0,0.7002083333333333,0,9,442.894,569.7255714285715
2024-09-03,619.082,30.710416666666664,33.8,53.9,0,0,0.7017708333333333,1,9,619.608,568.215
2024-09-04,613.73,31.073958333333334,34.6,108.39999999999999,0,0,0.7010416666666667,2,9,619.082,567.6655714285714
2024-09-05,617.136,31.242708333333336,34.5,196.79999999999998,0,0,0.696875,3,9,613.73,567.7827142857143
2024-09-06,613.348,30.898958333333336,34.4,125.2,0,0,0.7010416666666667,4,9,617.136,567.0652857142857
2024-09-07,443.383,31.082291666666666,34.6,162.0,1,0,0.0,5,9,613.348,566.7831428571428
2024-09-08,444.764,31.121875,34.2,153.7,1,0,0.0,6,9,443.383,567.025857142857
2024-09-09,617.806,30.880208333333332,33.1,125.0,0,0,0.6961458333333334,0,9,444.764,567.293
2024-09-10,616.854,31.264583333333334,35.2,173.0,0,0,0.7003125,1,9,617.806,567.0355714285714
2024-09-11,612.814,30.85729166666667,34.2,132.5,0,0,0.6940624999999999,2,9,616.854,566.7172857142857
2024-09-12,622.673,30.900000000000002,35.2,128.5,0,0,0.7004166666666666,3,9,612.814,566.5864285714285
2024-09-13,625.211,31.317708333333332,34.5,133.2,0,0,0.6998958333333333,4,9,622.673,567.3774285714286
2024-09-14,442.291,30.834374999999998,34.0,172.8,1,0,0.0,5,9,625.211,569.0721428571429
2024-09-15,443.388,30.998958333333334,34.8,145.8,1,0,0.0,6,9,442.291,568.9161428571429
2024-09-16,611.63,31.123958333333334,35.7,117.2,0,0,0.7097916666666667,0,9,443.388,568.7195714285715
2024-09-17,626.968,30.855208333333334,35.0,74.8,0,0,0.7012499999999999,1,9,611.63,567.8372857142857
2024-09-18,616.982,30.84375,34.3,122.7,0,0,0.7026041666666667,2,9,626.968,569.2821428571427
2024-09-19,622.923,30.942708333333332,35.9,177.1,0,0,0.6986458333333333,3,9,616.982,569.8775714285714
2024-09-20,624.367,30.973958333333332,35.0,64.1,0,0,0.7069791666666667,4,9,622.923,569.9132857142857
2024-09-21,441.948,31.240624999999998,35.9,55.8,1,0,0.0,5,9,624.367,569.7927142857143
2024-09-22,439.735,30.95,35.1,86.60000000000001,1,0,0.0,6,9,441.948,569.7437142857143
2024-09-23,620.3389999999999,30.98645833333333,36.7,92.0,0,0,0.7000000000000001,0,9,439.735,569.2218571428572
2024-09-24,618.725,30.971875,34.5,149.5,0,0,0.6997916666666667,1,9,620.3389999999999,570.466
2024-09-25,616.72,30.847916666666666,34.5,127.0,0,0,0.7042708333333333,2,9,618.725,569.2884285714287
2024-09-26,619.4,30.741666666666664,34.2,85.0,0,0,0.7011458333333334,3,9,616.72,569.251
2024-09-27,615.928,31.042708333333334,33.6,77.9,0,0,0.7062499999999999,4,9,619.4,568.7477142857143
2024-09-28,441.78,30.97083333333333,35.8,73.10000000000001,1,0,0.0,5,9,615.928,567.5421428571428
2024-09-29,444.795,30.833333333333332,34.4,74.0,1,0,0.0,6,9,441.78,567.5181428571428
2024-09-30,614.882,30.866666666666664,34.8,123.3,0,0,0.7013541666666666,0,9,444.795,568.241
2024-10-01,603.286,28.046875,31.1,318.6,0,0,0.6947916666666667,1,10,614.882,567.4614285714285
2024-10-02,494.41700000000003,27.868750000000002,31.6,207.7,0,1,0.0,2,10,603.286,565.255857142857
2024-10-03,492.10699999999997,27.721875,30.9,250.4,0,1,0.0,3,10,494.41700000000003,547.784
2024-10-04,489.472,27.675,32.5,184.2,0,1,0.0,4,10,492.10699999999997,529.5992857142857
2024-10-05,428.474,27.676041666666666,30.7,373.0,1,1,0.0,5,10,489.472,511.53414285714285
2024-10-06,422.651,27.95,31.0,336.7,1,0,0.0,6,10,428.474,509.6332857142857
2024-10-07,610.582,28.176041666666666,31.6,231.29999999999998,0,0,0.6989583333333332,0,10,422.651,506.4698571428571
2024-10-08,598.54,28.027083333333334,31.8,210.7,0,0,0.6961458333333334,1,10,610.582,505.8555714285714
2024-10-09,605.796,28.065625,31.9,198.6,0,0,0.708125,2,10,598.54,505.1775714285714
2024-10-10,606.426,27.916666666666668,31.3,256.6,0,0,0.6985416666666667,3,10,605.796,521.0888571428571
2024-10-11,611.431,27.78125,31.4,205.70000000000002,0,0,0.7007291666666666,4,10,606.426,537.4201428571429
2024-10-12,431.511,28.00208333333333,32.2,287.4,1,0,0.0,5,10,611.431,554.8428571428572
2024-10-13,424.169,27.922916666666666,31.1,343.8,1,0,0.0,6,10,431.511,555.2767142857143
2024-10-14,603.978,27.880208333333332,31.1,203.20000000000002,0,0,0.6973958333333333,0,10,424.169,555.4935714285714
2024-10-15,606.158,27.961458333333336,31.3,216.0,0,0,0.6958333333333333,1,10,603.978,554.5501428571429
2024-10-16,599.209,28.016666666666666,32.3,295.2,0,0,0.7062499999999999,2,10,606.158,555.6384285714286
2024-10-17,596.511,27.988541666666666,31.7,338.6,0,0,0.688125,3,10,599.209,554.6974285714285
2024-10-18,596.62,27.894791666666666,31.5,363.7,0,0,0.6984374999999999,4,10,596.511,553.281
2024-10-19,423.249,27.889583333333334,31.5,229.7,1,0,0.0,5,10,596.62,551.1651428571429
2024-10-20,426.762,27.957291666666666,31.9,226.5,1,0,0.0,6,10,423.249,549.9848571428571
2024-10-21,602.757,27.838541666666668,31.5,177.8,0,0,0.6904166666666667,0,10,426.762,550.3552857142857
2024-10-22,590.806,27.7375,31.9,317.0,0,0,0.6952083333333333,1,10,602.757,550.1808571428571
2024-10-23,603.99,28.1125,32.1,316.8,0,0,0.7075,2,10,590.806,547.9877142857142
2024-10-24,608.033,28.027083333333334,32.0,188.1,0,0,0.7015625,3,10,603.99,548.6707142857143
2024-10-25,613.886,27.940625,31.0,298.3,0,0,0.6967708333333333,4,10,608.033,550.3167142857143
2024-10-26,436.247,28.052083333333332,32.7,258.8,1,0,0.0,5,10,613.886,552.7832857142856
2024-10-27,413.271,28.023958333333336,32.0,170.4,1,0,0.0,6,10,436.247,554.6401428571429
2024-10-28,611.243,27.84375,30.8,311.6,0,0,0.7086458333333333,0,10,413.271,552.7128571428572
2024-10-29,615.305,27.959374999999998,31.6,291.2,0,0,0.7007291666666666,1,10,611.243,553.925142857143
2024-10-30,602.038,27.660416666666666,32.2,271.8,0,0,0.7114583333333333,2,10,615.305,557.425
2024-10-31,605.172,27.842708333333334,31.1,295.8,0,0,0.7051041666666666,3,10,602.038,557.1461428571429
2024-11-01,559.313,24.994791666666668,28.5,273.4,0,0,0.6970833333333334,4,11,605.172,556.7374285714286
2024-11-02,393.136,24.932291666666668,28.1,290.90000000000003,1,0,0.0,5,11,559.313,548.9412857142858
2024-11-03,393.159,25.089583333333334,28.7,301.3,1,0,0.0,6,11,393.136,542.7825714285715
2024-11-04,569.937,25.411458333333332,30.3,216.79999999999998,0,0,0.7079166666666666,0,11,393.159,539.9094285714285
2024-11-05,551.258,24.68541666666667,29.6,244.0,0,0,0.6945833333333334,1,11,569.937,534.0085714285714
2024-11-06,561.206,25.164583333333336,28.9,347.8,0,0,0.6983333333333334,2,11,551.258,524.859
2024-11-07,566.778,25.022916666666664,28.1,419.9,0,0,0.699375,3,11,561.206,519.0258571428571
2024-11-08,566.404,24.947916666666668,27.4,268.6,0,0,0.6998958333333333,4,11,566.778,513.5409999999999
2024-11-09,389.40500000000003,25.113541666666666,29.1,176.7,1,0,0.0,5,11,566.404,514.554
2024-11-10,391.233,24.785416666666666,27.4,238.5,1,0,0.0,6,11,389.40500000000003,514.021
2024-11-11,564.651,25.108333333333334,29.7,247.89999999999998,0,0,0.7045833333333333,0,11,391.233,513.7458571428572
2024-11-12,562.342,24.897916666666664,29.0,301.7,0,0,0.699375,1,11,564.651,512.9907142857144
2024-11-13,558.291,25.160416666666666,28.4,300.6,0,0,0.7021875,2,11,562.342,514.5741428571429
2024-11-14,559.353,25.019791666666666,28.3,289.9,0,0,0.7030208333333333,3,11,558.291,514.1577142857143
2024-11-15,560.423,24.63854166666667,27.6,229.8,0,0,0.7005208333333334,4,11,559.353,513.097
2024-11-16,389.482,24.915625000000002,28.6,225.2,1,0,0.0,5,11,560.423,512.2425714285715
2024-11-17,390.353,24.98229166666667,29.0,198.3,1,0,0.0,6,11,389.482,512.2535714285715
2024-11-18,564.938,25.019791666666666,28.5,244.5,0,0,0.69875,0,11,390.353,512.1278571428572
2024-11-19,559.874,25.09583333333333,30.0,251.29999999999998,0,0,0.7067708333333332,1,11,564.938,512.1688571428571
2024-11-20,569.584,24.776041666666668,28.0,231.5,0,0,0.7005208333333334,2,11,559.874,511.81628571428575
2024-11-21,564.825,24.616666666666664,28.5,254.0,0,0,0.7029166666666667,3,11,569.584,513.4295714285714
2024-11-22,562.065,24.913541666666664,28.6,217.79999999999998,0,0,0.69875,4,11,564.825,514.2112857142857
2024-11-23,394.509,25.29479166666667,28.4,250.8,1,0,0.0,5,11,562.065,514.4458571428571
2024-11-24,393.743,25.042708333333334,30.5,395.3,1,0,0.0,6,11,394.509,515.164
2024-11-25,567.875,25.36145833333333,29.1,203.3,0,0,0.6939583333333333,0,11,393.743,515.6482857142857
2024-11-26,564.086,25.0625,29.0,191.4,0,0,0.7076041666666667,1,11,567.875,516.0678571428572
2024-11-27,551.5889999999999,24.998958333333334,28.6,428.6,0,0,0.7113541666666667,2,11,564.086,516.6695714285714
2024-11-28,566.208,25.118750000000002,29.1,173.3,0,0,0.69875,3,11,551.5889999999999,514.0988571428571
2024-11-29,556.244,25.24791666666667,28.3,272.2,0,0,0.7067708333333332,4,11,566.208,514.2964285714286
2024-11-30,392.706,24.901041666666668,27.5,234.6,1,0,0.0,5,11,556.244,513.4648571428571
2024-12-01,389.591,22.789583333333336,26.0,329.5,1,0,0.0,6,12,392.706,513.2072857142857
2024-12-02,559.721,22.778125,27.1,245.6,0,0,0.7002083333333333,0,12,389.591,512.6141428571428
2024-12-03,557.967,22.662499999999998,25.8,284.3,0,0,0.7009375000000001,1,12,559.721,511.4492857142856
2024-12-04,556.945,22.931250000000002,26.4,353.6,0,0,0.7005208333333334,2,12,557.967,510.57514285714285
2024-12-05,552.931,22.625,25.8,549.3,0,0,0.6979166666666666,3,12,556.945,511.3402857142857
2024-12-06,557.436,22.745833333333334,26.6,343.8,0,0,0.7009375000000001,4,12,552.931,509.44357142857143
2024-12-07,390.007,22.770833333333332,26.0,255.2,1,0,0.0,5,12,557.436,509.61385714285717
2024-12-08,384.099,22.651041666666668,25.5,328.9,1,0,0.0,6,12,390.007,509.2282857142858
2024-12-09,556.646,22.751041666666666,26.4,218.6,0,0,0.7094791666666667,0,12,384.099,508.4437142857143
2024-12-10,564.13,22.773958333333336,27.5,138.5,0,0,0.7005208333333334,1,12,556.646,508.0044285714286
2024-12-11,555.744,22.897916666666664,26.4,273.5,0,0,0.70375,2,12,564.13,508.8848571428572
2024-12-12,562.352,22.933333333333334,26.3,280.2,0,0,0.7003125,3,12,555.744,508.7132857142857
2024-12-13,557.84,22.739583333333332,26.6,256.7,0,0,0.7026041666666667,4,12,562.352,510.05914285714283
2024-12-14,392.203,22.823958333333334,27.0,354.7,1,0,0.0,5,12,557.84,510.1168571428571
2024-12-15,390.362,23.036458333333332,27.8,230.4,1,0,0.0,6,12,392.203,510.4305714285714
2024-12-16,560.843,22.853125000000002,25.7,307.0,0,0,0.7014583333333334,0,12,390.362,511.3252857142857
2024-12-17,557.165,22.735416666666666,26.8,206.1,0,0,0.6953125,1,12,560.843,511.92485714285715
2024-12-18,559.289,22.765625,27.2,280.6,0,0,0.6893750000000001,2,12,557.165,510.92985714285714
2024-12-19,560.994,22.784375,26.8,175.8,0,0,0.6932291666666667,3,12,559.289,511.4362857142857
2024-12-20,450.097,22.870833333333334,26.0,241.2,0,1,0.0,4,12,560.994,511.24228571428574
2024-12-21,382.478,22.866666666666664,27.1,274.7,1,1,0.0,5,12,450.097,495.85042857142855
2024-12-22,390.416,22.769791666666666,26.7,228.9,1,1,0.0,6,12,382.478,494.4611428571429
2024-12-23,453.72,22.792708333333334,26.6,230.1,0,1,0.0,0,12,390.416,494.4688571428572
2024-12-24,444.033,22.704166666666666,25.8,417.5,0,1,0.0,1,12,453.72,479.16557142857147
2024-12-25,452.092,22.735416666666666,26.5,265.4,0,1,0.0,2,12,444.033,463.00385714285716
2024-12-26,448.875,23.001041666666666,26.4,367.8,0,1,0.0,3,12,452.092,447.69
2024-12-27,444.488,22.68958333333333,25.8,202.1,0,1,0.0,4,12,448.875,431.67299999999994
2024-12-28,386.78000000000003,22.679166666666664,27.1,233.4,1,1,0.0,5,12,444.488,430.87171428571435
2024-12-29,387.966,22.99791666666667,26.3,225.2,1,1,0.0,6,12,386.78000000000003,431.4862857142857
2024-12-30,450.857,22.72083333333333,25.8,261.9,0,1,0.0,0,12,387.966,431.1362857142857
2024-12-31,447.25,22.859375,26.5,253.5,0,1,0.0,1,12,450.857,430.72728571428576
2025-01-01,451.581,22.015625,25.9,44.8,0,1,0.0,2,1,447.25,431.18685714285715
2025-01-02,448.456,22.096875,26.2,29.700000000000003,0,1,0.0,3,1,451.581,431.11385714285717
2025-01-03,449.642,22.027083333333334,25.9,66.0,0,1,0.0,4,1,448.456,431.05400000000003
2025-01-04,389.728,22.007291666666664,25.2,62.1,1,1,0.0,5,1,449.642,431.79028571428574
2025-01-05,386.608,22.079166666666666,25.1,37.3,1,1,0.0,6,1,389.728,432.2114285714286
2025-01-06,551.526,21.79895833333333,24.5,36.5,0,0,0.7000000000000001,0,1,386.608,432.01742857142864
2025-01-07,559.811,22.10625,25.0,16.7,0,0,0.7007291666666666,1,1,551.526,446.3987142857142
2025-01-08,561.991,21.905208333333334,24.3,31.799999999999997,0,0,0.6934375,2,1,559.811,462.4788571428571
2025-01-09,557.581,22.133333333333336,25.8,0.0,0,0,0.6906249999999999,3,1,561.991,478.2517142857143
2025-01-10,559.684,21.96666666666667,24.9,35.8,0,0,0.698125,4,1,557.581,493.841
2025-01-11,383.17,22.016666666666666,26.2,15.3,1,0,0.0,5,1,559.684,509.56128571428565
2025-01-12,390.451,21.87708333333333,26.5,27.1,1,0,0.0,6,1,383.17,508.6244285714286
2025-01-13,558.841,21.84375,25.5,8.9,0,0,0.6970833333333334,0,1,390.451,509.1734285714286
2025-01-14,557.377,22.094791666666666,25.3,11.5,0,0,0.7053124999999999,1,1,558.841,510.21842857142866
2025-01-15,565.81,22.04895833333333,25.3,13.4,0,0,0.7011458333333334,2,1,557.377,509.8707142857143
2025-01-16,551.878,21.714583333333334,26.5,4.7,0,0,0.6954166666666667,3,1,565.81,510.41628571428566
2025-01-17,559.784,21.77916666666667,25.3,25.6,0,0,0.6991666666666667,4,1,551.878,509.6015714285714
2025-01-18,389.937,22.176041666666666,25.8,52.1,1,0,0.0,5,1,559.784,509.6158571428572
2025-01-19,388.169,21.809375,25.0,35.4,1,0,0.0,6,1,389.937,510.58257142857144
2025-01-20,557.652,21.931250000000002,25.7,20.7,0,0,0.7014583333333334,0,1,388.169,510.2565714285715
2025-01-21,560.548,21.967708333333334,25.6,30.5,0,0,0.6990625,1,1,557.652,510.08671428571427
2025-01-22,557.096,22.007291666666664,25.5,6.6,0,0,0.6980208333333334,2,1,560.548,510.5397142857143
2025-01-23,555.783,22.01770833333333,27.4,12.5,0,0,0.7064583333333333,3,1,557.096,509.2948571428571
2025-01-24,555.144,21.93958333333333,26.2,24.8,0,0,0.6955208333333333,4,1,555.783,509.8527142857143
2025-01-25,392.279,22.077083333333334,25.3,34.8,1,0,0.0,5,1,555.144,509.1898571428572
2025-01-26,390.314,22.08125,26.3,47.699999999999996,1,0,0.0,6,1,392.279,509.5244285714286
2025-01-27,554.307,22.198958333333334,26.5,50.400000000000006,0,0,0.6980208333333334,0,1,390.314,509.83085714285716
2025-01-28,550.735,22.15625,25.3,22.0,0,0,0.6966666666666667,1,1,554.307,509.35299999999995
2025-01-29,553.977,21.815625,25.5,17.4,0,0,0.6994791666666668,2,1,550.735,507.9511428571428
2025-01-30,557.331,21.832291666666666,25.7,17.4,0,0,0.7046875,3,1,553.977,507.5055714285714
2025-01-31,561.124,22.079166666666666,25.9,30.6,0,0,0.7041666666666666,4,1,557.331,507.7267142857143
2025-02-01,394.7,22.846875,26.2,19.5,1,0,0.0,5,2,561.124,508.581
2025-02-02,397.793,22.821875000000002,26.7,25.5,1,0,0.0,6,2,394.7,508.9268571428571
2025-02-03,560.544,22.95520833333333,26.5,30.8,0,0,0.7002083333333333,0,2,397.793,509.9952857142857
2025-02-04,557.3389999999999,22.818749999999998,25.7,34.8,0,0,0.6861458333333333,1,2,560.544,510.8862857142857
2025-02-05,559.834,22.917708333333334,26.6,0.0,0,0,0.7021875,2,2,557.3389999999999,511.82971428571426
2025-02-06,557.173,22.715625,26.4,14.4,0,0,0.6921875000000001,3,2,559.834,512.6664285714286
2025-02-07,560.125,22.698958333333334,26.3,1.7,0,0,0.6974999999999999,4,2,557.173,512.6438571428572
2025-02-08,392.97,22.902083333333334,26.6,7.1,1,0,0.0,5,2,560.125,512.5011428571428
2025-02-09,389.503,23.022916666666664,27.7,1.5,1,0,0.0,6,2,392.97,512.254
2025-02-10,560.596,22.76875,27.0,20.5,0,0,0.7057291666666666,0,2,389.503,511.06971428571427
2025-02-11,566.298,22.890625,25.6,36.8,0,0,0.6989583333333332,1,2,560.596,511.07714285714286
2025-02-12,556.591,22.660416666666666,25.7,18.5,0,0,0.700625,2,2,566.298,512.357
2025-02-13,554.382,22.743750000000002,26.0,19.4,0,0,0.6971875000000001,3,2,556.591,511.89371428571434
2025-02-14,560.636,22.616666666666664,25.6,7.8,0,0,0.6977083333333334,4,2,554.382,511.495
2025-02-15,396.687,22.712500000000002,26.2,3.5,1,0,0.0,5,2,560.636,511.5679999999999
2025-02-16,387.87600000000003,22.896874999999998,25.6,16.4,1,0,0.0,6,2,396.687,512.099
2025-02-17,560.291,22.869791666666668,26.8,39.9,0,0,0.7011458333333334,0,2,387.87600000000003,511.8665714285714
2025-02-18,551.056,22.825,27.2,23.8,0,0,0.7053124999999999,1,2,560.291,511.823
2025-02-19,553.186,22.836458333333336,26.3,33.099999999999994,0,0,0.71125,2,2,551.056,509.6455714285714
2025-02-20,559.149,22.666666666666668,27.2,12.7,0,0,0.7055208333333334,3,2,553.186,509.15914285714285
2025-02-21,557.649,22.854166666666668,26.4,3.8,0,0,0.7015625,4,2,559.149,509.84014285714284
2025-02-22,394.633,23.105208333333334,26.1,13.799999999999999,1,0,0.0,5,2,557.649,509.41342857142854
2025-02-23,393.984,22.587500000000002,27.5,25.7,1,0,0.0,6,2,394.633,509.12
2025-02-24,560.854,22.730208333333334,26.5,6.699999999999999,0,0,0.7008333333333333,0,2,393.984,509.99257142857147
2025-02-25,555.645,22.563541666666666,26.2,10.0,0,0,0.7034375,1,2,560.854,510.073
2025-02-26,560.519,22.493750000000002,25.7,21.4,0,0,0.6958333333333333,2,2,555.645,510.7285714285714
2025-02-27,555.21,22.635416666666668,25.4,17.5,0,0,0.7039583333333334,3,2,560.519,511.7761428571429
2025-02-28,554.502,22.884375000000002,27.2,18.1,0,0,0.6984374999999999,4,2,555.21,511.2134285714286
2025-03-01,433.871,25.059375,28.0,26.599999999999998,1,0,0.0,5,3,554.502,510.76385714285715
2025-03-02,432.412,25.011458333333334,28.6,20.9,1,0,0.0,6,3,433.871,516.3692857142858
2025-03-03,598.594,24.963541666666668,27.7,0.7,0,0,0.6940624999999999,0,3,432.412,521.859
2025-03-04,607.833,25.248958333333334,28.3,0.0,0,0,0.7017708333333333,1,3,598.594,527.2504285714286
2025-03-05,601.743,24.858333333333334,28.6,64.5,0,0,0.7036458333333333,2,3,607.833,534.7058571428572
2025-03-06,608.038,24.62708333333333,28.7,46.300000000000004,0,0,0.6941666666666667,3,3,601.743,540.595
2025-03-07,603.592,25.088541666666668,28.8,35.8,0,0,0.695625,4,3,608.038,548.1418571428571
2025-03-08,434.348,24.867708333333336,29.3,14.9,1,0,0.0,5,3,603.592,555.1547142857142
2025-03-09,433.159,24.792708333333334,27.6,14.3,1,0,0.0,6,3,434.348,555.2228571428572
2025-03-10,603.627,24.926041666666666,28.5,4.2,0,0,0.7030208333333333,0,3,433.159,555.3295714285715
2025-03-11,601.084,25.015625,28.5,13.1,0,0,0.7010416666666667,1,3,603.627,556.0485714285714
2025-03-12,607.547,25.009375000000002,28.8,25.6,0,0,0.6998958333333333,2,3,601.084,555.0844285714286
2025-03-13,605.51,24.885416666666668,27.9,26.0,0,0,0.7039583333333334,3,3,607.547,555.9135714285715
2025-03-14,600.727,24.983333333333334,28.7,35.4,0,0,0.7070833333333333,4,3,605.51,555.5524285714285
2025-03-15,427.998,24.967708333333334,29.7,12.4,1,0,0.0,5,3,600.727,555.1431428571428
2025-03-16,432.787,24.948958333333334,28.6,43.0,1,0,0.0,6,3,427.998,554.236
2025-03-17,602.254,24.98125,28.1,3.8,0,0,0.6903125,0,3,432.787,554.1828571428571
2025-03-18,597.764,24.884375000000002,28.6,16.7,0,0,0.703125,1,3,602.254,553.9867142857144
2025-03-19,610.041,25.150000000000002,28.5,23.9,0,0,0.7058333333333334,2,3,597.764,553.5124285714286
2025-03-20,604.874,25.101041666666664,28.3,14.7,0,0,0.7018749999999999,3,3,610.041,553.8687142857143
2025-03-21,613.322,24.959374999999998,28.2,33.5,0,0,0.7022916666666666,4,3,604.874,553.7778571428572
2025-03-22,425.233,24.9875,28.4,34.8,1,0,0.0,5,3,613.322,555.5771428571428
2025-03-23,428.94,25.1375,29.3,1.9,1,0,0.0,6,3,425.233,555.1821428571428
2025-03-24,608.481,25.040625000000002,28.0,5.7,0,0,0.6952083333333333,0,3,428.94,554.6325714285714
2025-03-25,607.609,25.101041666666664,28.5,41.1,0,0,0.7036458333333333,1,3,608.481,555.5221428571429
2025-03-26,597.881,24.963541666666668,28.3,19.9,0,0,0.7030208333333333,2,3,607.609,556.9285714285714
2025-03-27,594.642,24.961458333333336,28.8,46.1,0,0,0.6959375,3,3,597.881,555.1914285714286
2025-03-28,598.122,24.77916666666667,27.4,75.0,0,0,0.7022916666666666,4,3,594.642,553.7297142857143
2025-03-29,431.516,24.83020833333333,28.1,27.7,1,0,0.0,5,3,598.122,551.5582857142857
2025-03-30,435.329,24.865624999999998,28.5,0.0,1,0,0.0,6,3,431.516,552.4558571428572
2025-03-31,600.531,24.761458333333334,28.4,28.8,0,0,0.6931250000000001,0,3,435.329,553.3685714285714
2025-04-01,615.204,28.046875,30.5,21.9,0,0,0.699375,1,4,600.531,552.2328571428571
2025-04-02,620.604,27.776041666666668,31.8,29.0,0,0,0.6919791666666667,2,4,615.204,553.3178571428572
2025-04-03,611.825,28.115624999999998,31.6,40.1,0,0,0.6996875,3,4,620.604,556.5640000000001
2025-04-04,620.07,28.110416666666666,31.8,52.0,0,0,0.6980208333333334,4,4,611.825,559.0187142857143
2025-04-05,429.652,27.791666666666668,31.8,9.2,1,0,0.0,5,4,620.07,562.1541428571429
2025-04-06,436.891,27.891666666666666,30.9,0.4,1,0,0.0,6,4,429.652,561.8878571428571
2025-04-07,615.634,28.10625,31.6,54.4,0,0,0.6973958333333333,0,4,436.891,562.111
2025-04-08,610.056,28.042708333333334,32.2,42.7,0,0,0.6947916666666667,1,4,615.634,564.2685714285715
2025-04-09,609.724,27.917708333333334,32.1,91.2,0,0,0.6927083333333334,2,4,610.056,563.5331428571428
2025-04-10,613.408,27.726041666666664,30.9,32.5,0,0,0.695625,3,4,609.724,561.9788571428571
2025-04-11,617.875,28.118750000000002,32.2,9.1,0,0,0.7020833333333334,4,4,613.408,562.205
2025-04-12,438.666,27.989583333333332,32.3,39.4,1,1,0.0,5,4,617.875,561.8914285714285
2025-04-13,435.586,27.655208333333334,31.2,43.9,1,1,0.0,6,4,438.666,563.1791428571429
2025-04-14,498.142,27.744791666666668,31.1,40.0,0,1,0.0,0,4,435.586,562.9927142857143
2025-04-15,493.476,28.068749999999998,31.5,25.3,0,1,0.0,1,4,498.142,546.2081428571429
2025-04-16,498.24399999999997,27.98229166666667,31.8,19.799999999999997,0,1,0.0,2,4,493.476,529.5538571428572
2025-04-17,501.152,27.93541666666667,31.2,3.5,0,1,0.0,3,4,498.24399999999997,513.6281428571428
2025-04-18,501.399,27.85625,32.4,7.3,0,1,0.0,4,4,501.152,497.5915714285714
2025-04-19,443.31,28.0625,31.1,0.0,1,1,0.0,5,4,501.399,480.95214285714286
2025-04-20,432.863,28.01875,31.0,13.2,1,1,0.0,6,4,443.31,481.61557142857146
2025-04-21,502.315,27.863541666666666,30.5,7.0,0,1,0.0,0,4,432.863,481.2265714285714
2025-04-22,496.828,27.446875000000002,31.0,25.0,0,1,0.0,1,4,502.315,481.8227142857143
2025-04-23,498.803,27.929166666666664,31.5,15.5,0,1,0.0,2,4,496.828,482.30157142857144
2025-04-24,500.174,27.941666666666666,31.1,54.4,0,1,0.0,3,4,498.803,482.38142857142856
2025-04-25,501.699,27.994791666666668,31.9,0.0,0,1,0.0,4,4,500.174,482.2417142857143
2025-04-26,438.39,27.977083333333336,32.7,11.5,1,1,0.0,5,4,501.699,482.2845714285714
2025-04-27,436.395,28.441666666666666,32.0,26.4,1,1,0.0,6,4,438.39,481.5817142857142
2025-04-28,496.644,28.245833333333334,31.5,54.5,0,1,0.0,0,4,436.395,482.0862857142857
2025-04-29,497.847,27.879166666666666,31.5,19.700000000000003,0,1,0.0,1,4,496.644,481.2761428571429
2025-04-30,501.2,27.844791666666666,31.7,15.7,0,1,0.0,2,4,497.847,481.42171428571424
2025-05-01,506.677,31.03125,35.0,32.7,0,1,0.0,3,5,501.2,481.7641428571429
2025-05-02,510.928,30.792708333333334,34.7,8.5,0,1,0.0,4,5,506.677,482.69314285714285
2025-05-03,441.933,31.18541666666667,35.5,14.2,1,1,0.0,5,5,510.928,484.0115714285715
2025-05-04,445.051,30.79479166666667,36.6,18.7,1,1,0.0,6,5,441.933,484.5177142857143
2025-05-05,507.549,31.061458333333334,34.4,1.7,0,1,0.0,0,5,445.051,485.75428571428574
2025-05-06,504.75,30.916666666666668,35.1,28.6,0,1,0.0,1,5,507.549,487.3121428571429
2025-05-07,517.087,31.042708333333334,35.6,35.6,0,1,0.0,2,5,504.75,488.2982857142857
2025-05-08,508.94,30.910416666666666,35.3,28.4,0,1,0.0,3,5,517.087,490.5678571428571
2025-05-09,504.586,30.82604166666667,34.0,29.9,0,1,0.0,4,5,508.94,490.8911428571429
2025-05-10,443.679,31.015625,34.5,15.3,1,1,0.0,5,5,504.586,489.9851428571428
2025-05-11,447.632,31.121875,34.0,11.9,1,1,0.0,6,5,443.679,490.2345714285714
2025-05-12,507.393,30.836458333333336,34.4,10.700000000000001,0,1,0.0,0,5,447.632,490.60328571428573
2025-05-13,509.973,31.072916666666668,34.8,28.6,0,1,0.0,1,5,507.393,490.581
2025-05-14,508.445,31.0625,33.9,37.0,0,1,0.0,2,5,509.973,491.32714285714286
2025-05-15,509.264,31.040625000000002,35.5,0.0,0,1,0.0,3,5,508.445,490.0925714285714
2025-05-16,503.066,30.825,34.6,15.6,0,1,0.0,4,5,509.264,490.1388571428571
2025-05-17,446.699,30.983333333333334,34.6,5.9,1,1,0.0,5,5,503.066,489.9217142857143
2025-05-18,444.299,31.202083333333334,34.0,27.2,1,1,0.0,6,5,446.699,490.3531428571428
2025-05-19,504.501,31.336458333333336,35.0,6.6,0,1,0.0,0,5,444.299,489.87699999999995
2025-05-20,509.211,30.868750000000002,35.8,58.0,0,1,0.0,1,5,504.501,489.46385714285714
2025-05-21,506.401,31.164583333333336,33.7,21.0,0,1,0.0,2,5,509.211,489.35499999999996
2025-05-22,510.786,30.789583333333336,34.9,19.9,0,1,0.0,3,5,506.401,489.06300000000005
2025-05-23,506.863,31.131249999999998,34.1,33.5,0,1,0.0,4,5,510.786,489.2804285714286
2025-05-24,443.749,30.954166666666666,34.0,4.800000000000001,1,1,0.0,5,5,506.863,489.8228571428571
2025-05-25,450.975,31.08020833333333,35.0,19.6,1,1,0.0,6,5,443.749,489.40142857142865
2025-05-26,511.833,31.01354166666667,33.9,8.4,0,1,0.0,0,5,450.975,490.3551428571429
2025-05-27,503.425,30.719791666666666,33.5,3.4,0,1,0.0,1,5,511.833,491.40257142857143
2025-05-28,509.667,31.032291666666666,36.0,92.9,0,1,0.0,2,5,503.425,490.576
2025-05-29,501.834,30.922916666666666,34.4,18.8,0,1,0.0,3,5,509.667,491.0425714285714
2025-05-30,499.666,30.7625,33.8,22.8,0,1,0.0,4,5,501.834,489.7637142857143
2025-05-31,445.229,30.8,34.4,48.60000000000001,1,0,0.0,5,5,499.666,488.7355714285714
2025-06-01,448.628,33.27395833333333,37.6,148.29999999999998,1,0,0.0,6,6,445.229,488.947
2025-06-02,626.66,33.221875000000004,38.3,169.3,0,0,0.695625,0,6,448.628,488.61171428571424
2025-06-03,628.793,33.280208333333334,37.2,136.2,0,0,0.7015625,1,6,626.66,505.0155714285714
2025-06-04,625.479,33.32604166666667,36.3,189.5,0,0,0.7065625,2,6,628.793,522.9252857142857
2025-06-05,619.77,33.526041666666664,36.9,68.89999999999999,0,0,0.7007291666666666,3,6,625.479,539.4698571428572
2025-06-06,620.544,33.06875,36.8,124.8,0,0,0.7015625,4,6,619.77,556.3178571428572
2025-06-07,441.606,32.954166666666666,36.2,101.7,1,0,0.0,5,6,620.544,573.5861428571428
2025-06-08,448.359,33.1875,37.9,63.6,1,0,0.0,6,6,441.606,573.0685714285713
2025-06-09,630.335,33.41458333333333,36.6,64.5,0,0,0.6982291666666667,0,6,448.359,573.0301428571429
2025-06-10,631.064,33.32395833333333,36.4,125.0,0,0,0.7001041666666666,1,6,630.335,573.5551428571429
2025-06-11,618.842,33.199999999999996,38.9,135.3,0,0,0.6991666666666667,2,6,631.064,573.8795714285715
2025-06-12,622.163,33.43125,37.2,101.5,0,0,0.6954166666666667,3,6,618.842,572.9314285714285
2025-06-13,624.527,32.98854166666667,36.1,66.7,0,0,0.6996875,4,6,622.163,573.2732857142856
2025-06-14,446.73199999999997,33.297916666666666,37.1,68.6,1,0,0.0,5,6,624.527,573.8422857142857
2025-06-15,443.465,32.989583333333336,36.2,120.1,1,0,0.0,6,6,446.73199999999997,574.5745714285714
2025-06-16,619.792,33.06041666666667,36.8,111.6,0,0,0.6994791666666668,0,6,443.465,573.8754285714285
2025-06-17,623.023,33.228125,36.1,196.79999999999998,0,0,0.7038541666666668,1,6,619.792,572.3692857142858
2025-06-18,608.9,33.123958333333334,37.0,145.3,0,0,0.7016666666666667,2,6,623.023,571.2205714285714
2025-06-19,617.522,33.192708333333336,37.8,200.20000000000002,0,0,0.7010416666666667,3,6,608.9,569.8002857142858
2025-06-20,634.606,33.286458333333336,37.3,98.6,0,0,0.7051041666666666,4,6,617.522,569.1372857142858
2025-06-21,446.477,33.18541666666667,37.3,95.3,1,0,0.0,5,6,634.606,570.5771428571429
2025-06-22,440.49,33.18125,37.0,109.1,1,0,0.0,6,6,446.477,570.5407142857142
2025-06-23,625.477,33.240625,36.7,116.1,0,0,0.6991666666666667,0,6,440.49,570.1157142857144
2025-06-24,622.585,33.553125,36.6,128.4,0,0,0.6966666666666667,1,6,625.477,570.9278571428571
2025-06-25,622.464,33.37083333333333,36.3,106.0,0,0,0.6963541666666666,2,6,622.585,570.8652857142857
2025-06-26,615.3679999999999,33.065625000000004,36.2,119.7,0,0,0.7054166666666667,3,6,622.464,572.803
2025-06-27,622.33,33.178125,36.5,96.4,0,0,0.698125,4,6,615.3679999999999,572.4952857142857
2025-06-28,443.137,33.17604166666667,36.2,164.9,1,0,0.0,5,6,622.33,570.7415714285714
2025-06-29,443.871,33.12291666666667,36.9,126.1,1,0,0.0,6,6,443.137,570.2644285714285
2025-06-30,626.806,33.06666666666667,37.1,73.2,0,0,0.7033333333333333,0,6,443.871,570.7474285714286
2025-07-01,620.268,33.862500000000004,38.4,126.9,0,0,0.6969791666666666,1,7,626.806,570.9372857142856
2025-07-02,635.67,33.936458333333334,36.4,119.60000000000001,0,0,0.7026041666666667,2,7,620.268,570.6062857142857
2025-07-03,626.845,34.0875,37.6,143.7,0,0,0.7085416666666666,3,7,635.67,572.4928571428571
2025-07-04,622.01,34.228125,38.0,149.9,0,0,0.7009375000000001,4,7,626.845,574.1324285714286
2025-07-05,449.317,34.08020833333333,37.7,101.4,1,0,0.0,5,7,622.01,574.0867142857143
2025-07-06,447.019,34.19375,37.5,81.8,1,0,0.0,6,7,449.317,574.9695714285714
2025-07-07,627.176,34.08645833333333,38.8,106.9,0,0,0.6920833333333333,0,7,447.019,575.4192857142857
2025-07-08,633.824,33.89479166666667,37.6,117.3,0,0,0.7029166666666667,1,7,627.176,575.4721428571428
2025-07-09,638.513,34.151041666666664,37.8,87.1,0,0,0.696875,2,7,633.824,577.4087142857144
2025-07-10,626.948,34.034375000000004,39.2,145.3,0,0,0.7090624999999999,3,7,638.513,577.8148571428571
2025-07-11,626.433,34.166666666666664,37.7,91.5,0,0,0.7057291666666666,4,7,626.948,577.8295714285714
2025-07-12,446.51,33.85104166666667,37.6,95.3,1,0,0.0,5,7,626.433,578.4614285714285
2025-07-13,448.369,34.09375,37.6,116.60000000000001,1,0,0.0,6,7,446.51,578.0604285714286
2025-07-14,630.013,34.0,39.0,84.7,0,0,0.6961458333333334,0,7,448.369,578.2532857142858
2025-07-15,630.263,34.161458333333336,37.9,104.2,0,0,0.6989583333333332,1,7,630.013,578.6585714285715
2025-07-16,625.591,33.98020833333333,38.1,61.699999999999996,0,0,0.69125,2,7,630.263,578.1498571428572
2025-07-17,635.409,33.994791666666664,39.1,120.9,0,0,0.700625,3,7,625.591,576.3038571428572
2025-07-18,629.005,34.13125,38.0,53.5,0,0,0.698125,4,7,635.409,577.5125714285715
2025-07-19,439.618,33.75416666666667,37.0,148.7,1,0,0.0,5,7,629.005,577.88
2025-07-20,451.615,33.91770833333333,37.8,35.7,1,0,0.0,6,7,439.618,576.8954285714286
2025-07-21,622.369,34.088541666666664,37.8,132.0,0,0,0.6944791666666666,0,7,451.615,577.3591428571428
2025-07-22,636.432,33.98854166666667,38.6,172.0,0,0,0.705,1,7,622.369,576.2671428571429
2025-07-23,631.478,34.16041666666667,37.3,87.19999999999999,0,0,0.6971875000000001,2,7,636.432,577.1484285714286
2025-07-24,629.012,33.73645833333333,37.5,107.9,0,0,0.6977083333333334,3,7,631.478,577.9894285714286
2025-07-25,631.684,34.15625,37.7,51.9,0,0,0.7050000000000001,4,7,629.012,577.0755714285714
2025-07-26,451.091,33.95520833333333,38.5,165.7,1,0,0.0,5,7,631.684,577.4582857142857
2025-07-27,442.867,34.02708333333333,37.3,169.1,1,0,0.0,6,7,451.091,579.0972857142857
2025-07-28,628.621,34.088541666666664,39.1,124.5,0,0,0.6939583333333333,0,7,442.867,577.8475714285714
2025-07-29,627.135,33.93958333333333,38.6,62.3,0,0,0.7014583333333334,1,7,628.621,578.7407142857143
2025-07-30,637.922,34.009375,37.2,81.3,0,0,0.6988541666666667,2,7,627.135,577.4125714285714
2025-07-31,636.295,34.08020833333333,38.6,85.7,0,0,0.6970833333333334,3,7,637.922,578.3331428571429
2025-08-01,623.184,32.98854166666667,37.1,94.4,0,0,0.6977083333333334,4,8,636.295,579.3735714285714
2025-08-02,449.472,33.41354166666667,36.7,63.4,1,0,0.0,5,8,623.184,578.1592857142857
2025-08-03,450.101,33.30520833333333,37.3,169.1,1,0,0.0,6,8,449.472,577.928
2025-08-04,628.117,33.015625,37.4,14.1,0,0,0.7129166666666666,0,8,450.101,578.9614285714285
2025-08-05,619.746,33.14791666666667,36.1,120.7,0,0,0.6989583333333332,1,8,628.117,578.8894285714285
2025-08-06,622.393,33.06979166666667,36.7,116.0,0,0,0.7035416666666667,2,8,619.746,577.833857142857
2025-08-07,627.432,33.00208333333333,36.9,135.6,0,0,0.7052083333333333,3,8,622.393,575.6154285714285
2025-08-08,623.28,33.03125,36.9,100.0,0,0,0.6932291666666667,4,8,627.432,574.3492857142858
2025-08-09,443.382,33.02916666666667,37.2,109.9,1,0,0.0,5,8,623.28,574.3629999999999
2025-08-10,452.913,33.083333333333336,35.9,45.4,1,0,0.0,6,8,443.382,573.493
2025-08-11,620.318,33.19895833333333,36.7,158.5,0,0,0.7003125,0,8,452.913,573.8947142857143
2025-08-12,622.773,33.43333333333333,37.6,124.80000000000001,0,0,0.6931250000000001,1,8,620.318,572.7805714285714
2025-08-13,624.568,33.05625,36.5,191.9,0,0,0.7110416666666667,2,8,622.773,573.213
2025-08-14,620.478,33.203125,37.5,123.3,0,0,0.7039583333333334,3,8,624.568,573.5237142857143
2025-08-15,619.183,33.077083333333334,35.7,117.4,0,0,0.7101041666666666,4,8,620.478,572.5302857142857
2025-08-16,455.666,33.282291666666666,36.8,74.1,1,0,0.0,5,8,619.183,571.9449999999999
2025-08-17,443.741,33.057291666666664,36.5,146.3,1,0,0.0,6,8,455.666,573.6998571428571
2025-08-18,618.185,33.475,37.7,187.6,0,0,0.7035416666666667,0,8,443.741,572.3895714285715
2025-08-19,622.773,33.188541666666666,37.1,88.7,0,0,0.7058333333333334,1,8,618.185,572.0848571428571
2025-08-20,635.422,33.296875,37.0,88.1,0,0,0.7050000000000001,2,8,622.773,572.0848571428571
2025-08-21,622.38,33.209375,37.1,104.0,0,0,0.6948958333333333,3,8,635.422,573.6354285714285
2025-08-22,631.024,33.141666666666666,37.2,79.0,0,0,0.694375,4,8,622.38,573.907142857143
2025-08-23,442.614,33.04479166666667,36.7,53.7,1,0,0.0,5,8,631.024,575.5987142857143
2025-08-24,448.073,33.33020833333333,36.8,75.9,1,0,0.0,6,8,442.614,573.7341428571428
2025-08-25,630.085,33.31458333333333,37.6,94.7,0,0,0.7063541666666667,0,8,448.073,574.353
2025-08-26,629.163,33.21458333333333,38.3,159.7,0,0,0.6936458333333334,1,8,630.085,576.053
2025-08-27,624.825,33.221875000000004,36.4,81.10000000000001,0,0,0.6954166666666667,2,8,629.163,576.9658571428571
2025-08-28,632.302,33.141666666666666,37.4,77.4,0,0,0.6996875,3,8,624.825,575.452
2025-08-29,625.054,33.213541666666664,36.6,44.7,0,0,0.6963541666666666,4,8,632.302,576.8694285714286
2025-08-30,441.413,33.203125,37.0,111.3,1,0,0.0,5,8,625.054,576.0165714285714
2025-08-31,440.55,33.26354166666667,37.3,199.79999999999998,1,0,0.0,6,8,441.413,575.845
2025-09-01,626.504,30.926041666666666,34.3,95.7,0,0,0.7057291666666666,0,9,440.55,574.7702857142857
2025-09-02,618.921,30.85729166666667,33.9,148.2,0,0,0.7134375,1,9,626.504,574.2587142857143
2025-09-03,613.816,30.948958333333334,34.6,97.80000000000001,0,0,0.7015625,2,9,618.921,572.7955714285715
2025-09-04,615.721,31.126041666666666,34.3,87.6,0,0,0.7041666666666666,3,9,613.816,571.2228571428572
2025-09-05,615.786,31.09375,34.7,203.6,0,0,0.7007291666666666,4,9,615.721,568.8541428571428
2025-09-06,446.715,30.947916666666668,35.6,65.4,1,0,0.0,5,9,615.786,567.5301428571429
2025-09-07,442.824,30.974999999999998,34.8,120.1,1,0,0.0,6,9,446.715,568.2875714285714
2025-09-08,616.196,30.787499999999998,35.0,108.0,0,0,0.7038541666666668,0,9,442.824,568.6124285714285
2025-09-09,614.703,30.95520833333333,33.9,37.2,0,0,0.6928125,1,9,616.196,567.1398571428572
2025-09-10,622.3100000000001,31.16979166666667,35.1,59.2,0,0,0.6973958333333333,2,9,614.703,566.5372857142856
2025-09-11,611.234,30.822916666666668,33.2,146.9,0,0,0.7073958333333333,3,9,622.3100000000001,567.7507142857143
2025-09-12,616.856,30.853125000000002,34.1,146.6,0,0,0.6985416666666667,4,9,611.234,567.1097142857143
2025-09-13,434.294,31.059375,34.7,136.5,1,0,0.0,5,9,616.856,567.2625714285714
2025-09-14,433.888,30.93541666666667,34.4,111.8,1,0,0.0,6,9,434.294,565.4881428571429
2025-09-15,611.133,30.782291666666666,35.1,175.9,0,0,0.705625,0,9,433.888,564.2115714285715
2025-09-16,612.206,31.063541666666666,34.6,109.5,0,0,0.7000000000000001,1,9,611.133,563.4882857142857
2025-09-17,619.204,30.895833333333332,35.1,125.0,0,0,0.7016666666666667,2,9,612.206,563.1315714285714
2025-09-18,619.8050000000001,30.703125,34.9,142.1,0,0,0.7012499999999999,3,9,619.204,562.6878571428572
2025-09-19,615.784,31.31458333333333,36.0,133.1,0,0,0.694375,4,9,619.8050000000001,563.9122857142858
2025-09-20,438.878,30.697916666666668,33.8,174.2,1,0,0.0,5,9,615.784,563.7591428571428
2025-09-21,437.77,30.929166666666664,35.6,128.9,1,0,0.0,6,9,438.878,564.414
2025-09-22,609.242,30.605208333333334,33.6,128.2,0,0,0.7008333333333333,0,9,437.77,564.9685714285714
2025-09-23,615.992,31.148958333333336,35.3,102.4,0,0,0.695625,1,9,609.242,564.6984285714285
2025-09-24,620.406,30.983333333333334,34.7,78.4,0,0,0.6984374999999999,2,9,615.992,565.2392857142858
2025-09-25,616.963,31.115624999999998,34.5,63.1,0,0,0.7071875,3,9,620.406,565.411
2025-09-26,621.146,31.020833333333332,35.7,114.5,0,0,0.7014583333333334,4,9,616.963,565.005
2025-09-27,433.299,31.06041666666667,34.5,152.6,1,0,0.0,5,9,621.146,565.771
2025-09-28,436.91700000000003,30.9375,34.6,121.0,1,0,0.0,6,9,433.299,564.9739999999999
2025-09-29,618.983,31.246875,34.9,86.9,0,0,0.7090624999999999,0,9,436.91700000000003,564.8521428571428
2025-09-30,622.315,31.115624999999998,34.1,60.5,0,0,0.698125,1,9,618.983,566.2437142857142
2025-10-01,485.794,27.71666666666667,31.5,269.0,0,1,0.0,2,10,622.315,567.147
2025-10-02,488.065,28.023958333333336,31.7,246.5,0,1,0.0,3,10,485.794,547.9167142857142
2025-10-03,491.823,28.09583333333333,31.4,430.4,0,1,0.0,4,10,488.065,529.5027142857142
2025-10-04,430.447,28.010416666666668,31.5,165.9,1,1,0.0,5,10,491.823,511.02799999999996
2025-10-05,435.0,28.016666666666666,32.6,281.0,1,0,0.0,6,10,430.447,510.6205714285714
2025-10-06,600.39,27.960416666666664,31.0,250.6,0,0,0.6990625,0,10,435.0,510.34671428571426
2025-10-07,590.253,27.849999999999998,31.4,256.1,0,0,0.6988541666666667,1,10,600.39,507.6905714285714
2025-10-08,600.594,28.166666666666668,32.1,330.6,0,0,0.703125,2,10,590.253,503.1102857142857
2025-10-09,604.95,28.073958333333334,30.9,177.1,0,0,0.6909375,3,10,600.594,519.5102857142857
2025-10-10,602.606,28.065625,32.1,393.9,0,0,0.7015625,4,10,604.95,536.2081428571429
2025-10-11,429.923,27.922916666666666,30.8,310.9,1,0,0.0,5,10,602.606,552.0342857142857
2025-10-12,426.663,28.005208333333332,31.8,236.3,1,0,0.0,6,10,429.923,551.9594285714286
2025-10-13,600.215,27.92395833333333,32.6,250.9,0,0,0.7075,0,10,426.663,550.7684285714287
2025-10-14,605.744,28.0,32.0,274.2,0,0,0.6988541666666667,1,10,600.215,550.7434285714287
2025-10-15,605.442,27.93958333333333,31.7,239.5,0,0,0.6955208333333333,2,10,605.744,552.9564285714285
2025-10-16,604.938,27.891666666666666,31.3,236.5,0,0,0.7011458333333334,3,10,605.442,553.649
2025-10-17,607.472,28.241666666666664,32.1,253.0,0,0,0.6955208333333333,4,10,604.938,553.6472857142857
2025-10-18,427.363,28.221875,31.9,378.7,1,0,0.0,5,10,607.472,554.3424285714285
2025-10-19,428.394,28.06458333333333,30.6,293.5,1,0,0.0,6,10,427.363,553.9767142857143
2025-10-20,607.896,27.884375000000002,31.2,168.5,0,0,0.6998958333333333,0,10,428.394,554.2239999999999
2025-10-21,602.249,28.332291666666666,31.5,285.2,0,0,0.6960416666666668,1,10,607.896,555.3212857142858
2025-10-22,599.677,28.083333333333332,31.5,275.3,0,0,0.7023958333333334,2,10,602.249,554.822
2025-10-23,611.376,28.53125,32.5,226.1,0,0,0.703125,3,10,599.677,553.9984285714286
2025-10-24,611.159,28.333333333333332,31.4,287.7,0,0,0.7030208333333333,4,10,611.376,554.9181428571429
2025-10-25,434.101,28.172916666666666,31.4,259.1,1,0,0.0,5,10,611.159,555.4448571428571
2025-10-26,431.401,27.95,31.6,218.7,1,0,0.0,6,10,434.101,556.4074285714286
2025-10-27,609.859,28.116666666666664,31.1,280.8,0,0,0.7000000000000001,0,10,431.401,556.8370000000001
2025-10-28,613.462,27.95520833333333,31.1,228.7,0,0,0.7016666666666667,1,10,609.859,557.1174285714286
2025-10-29,593.692,27.715625,30.7,311.5,0,0,0.7020833333333334,2,10,613.462,558.7192857142858
2025-10-30,598.885,27.901041666666668,31.4,340.8,0,0,0.6990625,3,10,593.692,557.8642857142858
2025-10-31,598.969,28.067708333333332,30.8,278.6,0,0,0.6929166666666666,4,10,598.885,556.0798571428571
2025-11-01,397.616,25.141666666666666,30.1,256.5,1,0,0.0,5,11,598.969,554.3384285714286
2025-11-02,393.492,24.89375,28.0,353.3,1,0,0.0,6,11,397.616,549.1262857142857
2025-11-03,565.327,24.851041666666664,29.5,284.8,0,0,0.6939583333333333,0,11,393.492,543.7107142857143
2025-11-04,562.501,24.989583333333332,27.6,185.0,0,0,0.7026041666666667,1,11,565.327,537.349
2025-11-05,566.879,25.170833333333334,28.9,177.2,0,0,0.6948958333333333,2,11,562.501,530.0688571428572
2025-11-06,570.299,25.084374999999998,28.7,221.29999999999998,0,0,0.6916666666666668,3,11,566.879,526.2384285714286
2025-11-07,563.278,25.15625,28.0,295.8,0,0,0.6982291666666667,4,11,570.299,522.1547142857142
2025-11-08,390.714,25.0,28.3,262.6,1,0,0.0,5,11,563.278,517.0559999999999
2025-11-09,389.969,24.940625,29.6,362.2,1,0,0.0,6,11,390.714,516.0699999999999
2025-11-10,565.5,24.9875,28.6,191.4,0,0,0.7065625,0,11,389.969,515.5667142857143
2025-11-11,566.431,25.34166666666667,30.2,331.9,0,0,0.703125,1,11,565.5,515.5914285714287
2025-11-12,562.005,24.91979166666667,27.9,377.8,0,0,0.6951041666666667,2,11,566.431,516.1528571428572
2025-11-13,568.826,25.054166666666664,29.4,328.9,0,0,0.6971875000000001,3,11,562.005,515.4565714285715
2025-11-14,563.187,25.26875,28.5,353.5,0,0,0.6977083333333334,4,11,568.826,515.2461428571429
2025-11-15,387.988,25.507291666666664,28.9,321.2,1,0,0.0,5,11,563.187,515.2331428571429
2025-11-16,388.21,25.08125,29.9,248.9,1,0,0.0,6,11,387.988,514.8437142857143
2025-11-17,562.199,25.0,28.6,304.6,0,0,0.700625,0,11,388.21,514.5924285714285
2025-11-18,571.784,24.605208333333334,28.0,278.9,0,0,0.7040625,1,11,562.199,514.1208571428572
2025-11-19,557.602,25.01770833333333,28.7,404.7,0,0,0.7044791666666667,2,11,571.784,514.8855714285713
2025-11-20,563.397,25.197916666666668,29.4,227.7,0,0,0.6978125,3,11,557.602,514.2565714285714
2025-11-21,568.25,25.01354166666667,28.9,270.0,0,0,0.7016666666666667,4,11,563.397,513.481
2025-11-22,386.035,24.936458333333334,28.2,179.6,1,0,0.0,5,11,568.25,514.2042857142857
2025-11-23,395.126,24.96666666666667,29.0,303.8,1,0,0.0,6,11,386.035,513.9252857142857
2025-11-24,567.317,25.078125,28.2,232.4,0,0,0.7019791666666667,0,11,395.126,514.9132857142857
2025-11-25,562.574,24.909375,28.1,267.7,0,0,0.6990625,1,11,567.317,515.6444285714285
2025-11-26,558.563,25.292708333333334,28.4,276.2,0,0,0.7047916666666666,2,11,562.574,514.3287142857142
2025-11-27,564.436,24.790625000000002,28.5,250.9,0,0,0.6998958333333333,3,11,558.563,514.466
2025-11-28,559.178,24.913541666666664,28.2,365.6,0,0,0.6978125,4,11,564.436,514.6144285714286
2025-11-29,390.652,25.094791666666666,29.1,281.2,1,0,0.0,5,11,559.178,513.3184285714286
2025-11-30,384.757,24.890625,28.3,180.5,1,0,0.0,6,11,390.652,513.978
2025-12-01,557.088,22.66875,25.9,238.1,0,0,0.6929166666666666,0,12,384.757,512.4967142857142
2025-12-02,561.266,22.484375,25.5,324.9,0,0,0.7011458333333334,1,12,557.088,511.03542857142855
2025-12-03,556.86,22.53333333333333,26.2,296.7,0,0,0.7025,2,12,561.266,510.84857142857135
2025-12-04,556.568,23.051041666666666,26.9,226.0,0,0,0.7010416666666667,3,12,556.86,510.6052857142857
2025-12-05,555.906,22.745833333333334,26.3,232.6,0,0,0.7076041666666667,4,12,556.568,509.4812857142857
2025-12-06,389.184,22.910416666666666,26.5,424.7,1,0,0.0,5,12,555.906,509.0138571428571
2025-12-07,387.534,22.635416666666668,26.5,331.9,1,0,0.0,6,12,389.184,508.80414285714284
2025-12-08,554.504,22.58125,26.1,305.6,0,0,0.6896874999999999,0,12,387.534,509.20085714285716
2025-12-09,557.619,23.05,26.2,210.9,0,0,0.7117708333333334,1,12,554.504,508.8317142857143
2025-12-10,553.537,22.662499999999998,26.4,330.7,0,0,0.6960416666666666,2,12,557.619,508.3107142857143
2025-12-11,560.587,22.745833333333334,26.0,408.2,0,0,0.6953125,3,12,553.537,507.83600000000007
2025-12-12,555.3340000000001,23.023958333333336,27.9,223.0,0,0,0.700625,4,12,560.587,508.4101428571429
2025-12-13,385.628,22.8125,27.1,233.2,1,0,0.0,5,12,555.3340000000001,508.32842857142856
2025-12-14,388.078,22.960416666666664,26.3,267.40000000000003,1,0,0.0,6,12,385.628,507.82042857142864
2025-12-15,552.921,22.76770833333333,27.5,309.0,0,0,0.6994791666666668,0,12,388.078,507.8981428571429
2025-12-16,556.4,22.772916666666664,26.2,157.6,0,0,0.696875,1,12,552.921,507.6720000000001
2025-12-17,554.448,22.809375,25.8,275.2,0,0,0.69125,2,12,556.4,507.4978571428572
2025-12-18,552.903,22.797916666666666,27.0,346.6,0,0,0.7027083333333333,3,12,554.448,507.628
2025-12-19,560.545,22.683333333333334,27.4,302.8,0,0,0.7033333333333333,4,12,552.903,506.5302857142857
2025-12-20,383.729,22.721875,26.3,275.6,1,1,0.0,5,12,560.545,507.2747142857143
2025-12-21,390.866,22.740624999999998,26.0,326.2,1,1,0.0,6,12,383.729,507.00342857142857
2025-12-22,449.449,22.91979166666667,26.5,194.4,0,1,0.0,0,12,390.866,507.40171428571426
2025-12-23,451.059,22.519791666666666,25.5,374.7,0,1,0.0,1,12,449.449,492.61999999999995
2025-12-24,449.704,22.714583333333334,27.2,288.3,0,1,0.0,2,12,451.059,477.57128571428575
2025-12-25,452.072,22.854166666666668,26.2,284.3,0,1,0.0,3,12,449.704,462.60785714285714
2025-12-26,448.946,22.905208333333334,26.4,256.8,0,1,0.0,4,12,452.072,448.20342857142856
2025-12-27,390.61899999999997,23.023958333333336,25.8,193.6,1,1,0.0,5,12,448.946,432.26071428571424
2025-12-28,377.614,22.86145833333333,26.9,275.7,1,1,0.0,6,12,390.61899999999997,433.245
2025-12-29,451.098,22.964583333333334,25.7,139.9,0,1,0.0,0,12,377.614,431.35185714285717
2025-12-30,446.05,22.884375000000002,26.8,335.2,0,1,0.0,1,12,451.098,431.5874285714286
2025-12-31,450.611,22.467708333333334,25.6,280.3,0,1,0.0,2,12,446.05,430.87185714285715
